id_species,species_name,genus,Images,genus_images
1363227,carota,Daucus,7208,7227
1392475,petiolata,Alliaria,6337,6857
1356022,perforatum,Hypericum,6140,11946
1364099,ruber,Centranthus,5334,5607
1355937,vulgare,Cirsium,5178,12075
1359517,pratense,Trifolium,5063,14622
1357330,officinalis,Calendula,4836,5946
1358752,purpureum,Lamium,4502,12379
1359620,rosea,Alcea,4285,4368
1363128,rhoeas,Papaver,4005,8599
1363991,vesca,Fragaria,3862,4540
1355936,arvense,Cirsium,3418,12075
1394460,nemorosa,Anemone,3388,12905
1363740,repens,Trifolium,3353,14622
1394994,coccinea,Pyracantha,3183,3318
1364173,serriola,Lactuca,3031,6043
1359616,granatum,Punica,2811,2811
1364164,communis,Lapsana,2788,2788
1361824,angustifolia,Lavandula,2739,5453
1361823,galeobdolon,Lamium,2738,12379
1397364,muralis,Cymbalaria,2700,2721
1358095,album,Sedum,2468,13477
1363130,somniferum,Papaver,2448,8599
1389510,podagraria,Aegopodium,2385,2385
1374048,erecta,Tagetes,2330,3523
1367432,polyphyllus,Lupinus,2245,3194
1409238,andraeanum,Anthurium,2241,2404
1397268,hupehensis,Anemone,2200,12905
1393614,tulipifera,Liriodendron,2101,2104
1356781,lupulus,Humulus,2007,2007
1369887,jasminoides,Trachelospermum,1951,1965
1393241,calycinum,Hypericum,1941,11946
1394420,hepatica,Anemone,1899,12905
1398178,zebrina,Tradescantia,1779,7631
1408774,pallida,Tradescantia,1776,7631
1435714,zonale,Pelargonium,1762,6170
1394591,sylvestris,Angelica,1757,2067
1385937,zamiifolia,Zamioculcas,1730,1730
1355932,graveolens,Pelargonium,1716,6170
1358094,acre,Sedum,1700,13477
1393425,maculatum,Lamium,1685,12379
1393423,album,Lamium,1671,12379
1398592,atriplicifolia,Perovskia,1597,1672
1408961,arboricola,Schefflera,1578,2358
1358133,sediforme,Sedum,1570,13477
1358766,stoechas,Lavandula,1534,5453
1361656,apifera,Ophrys,1503,3652
1384485,pepo,Cucurbita,1440,2675
1356257,albus,Melilotus,1379,2830
1358689,androsaemum,Hypericum,1359,11946
1394382,alpina,Anemone,1348,12905
1359498,incarnatum,Trifolium,1319,14622
1362490,rupestre,Sedum,1303,13477
1357635,echioides,Helminthotheca,1291,1291
1355990,annua,Mercurialis,1224,2002
1363336,aspera,Smilax,1181,1461
1396824,virginiana,Tradescantia,1118,7631
1400100,vulgaris,Barbarea,1070,1420
1418146,albivenis,Fittonia,1056,1084
1356075,fluminensis,Tradescantia,1040,7631
1356382,filix-mas,Dryopteris,1031,1346
1360978,maritimum,Pancratium,1030,1080
1363764,dealbata,Acacia,1028,2063
1394454,inquinans,Pelargonium,1022,6170
1364159,patula,Tagetes,1007,3523
1393393,uvaria,Kniphofia,968,1528
1362294,helleborine,Epipactis,934,1614
1369960,spathacea,Tradescantia,923,7631
1409295,domestica,Nandina,923,923
1359669,alba,Nymphaea,903,1152
1355978,zonale,Pelargonium,891,6170
1391483,maxima,Cucurbita,889,2675
1394404,orientale,Papaver,873,8599
1398515,hidcoteense,Hypericum,835,11946
1356111,amplexicaule,Lamium,823,12379
1360671,temulum,Chaerophyllum,794,1176
1391192,eriophorum,Cirsium,784,12075
1390637,arvensis,Calendula,748,5946
1359625,officinalis,Althaea,744,978
1364172,sativa,Lactuca,742,6043
1360998,liliago,Anthericum,740,891
1391652,mezereum,Daphne,732,2466
1360588,gnidium,Daphne,730,2466
1358605,perennis,Mercurialis,728,2002
1359488,campestre,Trifolium,723,14622
1361759,palustre,Cirsium,710,12075
1356126,dentata,Lavandula,704,5453
1391226,oleraceum,Cirsium,681,12075
1360153,coronaria,Anemone,677,12905
1398128,palmeri,Sedum,663,13477
1358751,hybridum,Lamium,661,12379
1360590,laureola,Daphne,661,2466
1359485,arvense,Trifolium,648,14622
1394489,pulsatilla,Anemone,646,12905
1393792,officinalis,Melilotus,630,2830
1363737,dubium,Trifolium,622,14622
1358105,dasyphyllum,Sedum,620,13477
1421021,palmeri,Sedum,608,13477
1357677,muralis,Lactuca,571,6043
1363749,indicus,Melilotus,566,2830
1356421,exaltata,Nephrolepis,550,1117
1363490,arundinacea,Phalaris,543,696
1420863,uvaria,Kniphofia,536,1528
1363699,angustifolius,Lupinus,528,3194
1358150,petiolata,Alliaria,520,6857
1397420,perennis,Lactuca,511,6043
1418547,morganianum,Sedum,504,13477
1392695,salicifolia,Hebe,502,727
1529081,adolphii,Sedum,498,13477
1409292,nobile,Dendrobium,492,642
1360811,villosa,Thapsia,486,511
1397312,ranunculoides,Anemone,479,12905
1356692,fruticosa,Lithodora,473,473
1394504,sylvestris,Anemone,471,12905
1398444,blanda,Anemone,456,12905
1393449,clandestina,Lathraea,450,721
1362954,actinophylla,Schefflera,430,2358
1359197,officinalis,Galega,428,437
1392777,rhamnoides,Hippophae,420,420
1402921,obtusifolia,Peperomia,416,2134
1363129,dubium,Papaver,410,8599
1396708,glyptostroboides,Metasequoia,410,434
1397303,alpina,Adenostyles,399,733
1393466,latifolia,Lavandula,379,5453
1361666,scolopax,Ophrys,359,3652
1420795,sanderiana,Alocasia,357,1020
1391953,atrorubens,Epipactis,354,1614
1529328,rubrotinctum,Sedum,352,13477
1363110,hortensis,Anemone,351,12905
1393725,bifolium,Maianthemum,347,786
1393946,ustulata,Neotinea,345,540
1355868,virosa,Lactuca,335,6043
1391797,octopetala,Dryas,329,329
1359525,stellatum,Trifolium,329,14622
1359483,angustifolium,Trifolium,327,14622
1399145,moschata,Cucurbita,325,2675
1399783,actinophylla,Schefflera,322,2358
1394120,fuciflora,Ophrys,317,3652
1356428,regalis,Osmunda,312,385
1363021,setaceus,Cenchrus,309,430
1394399,alpinum,Papaver,306,8599
1361024,umbellatus,Butomus,304,304
1393414,alpina,Lactuca,302,6043
1356420,cordifolia,Nephrolepis,301,1117
1357705,crithmoides,Limbarda,292,292
1356816,hispanica,Vaccaria,292,292
1396843,alpinum,Trifolium,291,14622
1393250,maculatum,Hypericum,289,11946
1398326,floridus,Calycanthus,288,292
1408045,macrorrhizos,Alocasia,280,1020
1393450,squamaria,Lathraea,271,721
1413755,spathulifolium,Sedum,267,13477
1409215,caperata,Peperomia,266,2134
1398111,alliariae,Adenostyles,262,733
1397351,acaulon,Cirsium,262,12075
1357379,lanatus,Carthamus,261,559
1497667,sillamontana,Tradescantia,260,7631
1363778,retinodes,Acacia,259,2063
1396165,sexangulare,Sedum,258,13477
1363871,verna,Barbarea,255,1420
1529107,burrito,Sedum,255,13477
1397387,viridis,Fragaria,255,4540
1389307,pachyphyllum,Sedum,250,13477
1358700,hirsutum,Hypericum,247,11946
1391963,palustris,Epipactis,245,1614
1397514,medium,Trifolium,244,14622
1361847,cunninghamiana,Casuarina,243,341
1361850,rubens,Trifolium,242,14622
1362927,pallida,Tradescantia,241,7631
1667445,×,Fragaria,240,4540
1360555,niger,Hyoscyamus,240,473
1405685,wilkesiana,Acalypha,239,629
1397313,archangelica,Angelica,238,2067
1396713,speciosa,Telekia,235,235
1359622,cannabina,Althaea,234,978
1394073,aranifera,Ophrys,233,3652
1360550,albus,Hyoscyamus,233,473
1363451,cereale,Secale,232,232
1363126,argemone,Papaver,231,8599
1402920,magnoliifolia,Peperomia,230,2134
1391112,hirsutum,Chaerophyllum,230,1176
1389297,jamacaru,Cereus,229,472
1409185,squarrosa,Aphelandra,227,238
1392654,physocarpus,Gomphocarpus,219,298
1389231,spurius,Phedimus,218,362
1372016,citrifolia,Morinda,218,218
1361663,lutea,Ophrys,217,3652
1397352,spinosissimum,Cirsium,217,12075
1392094,incanum,Erucastrum,216,330
1402926,serpens,Peperomia,213,2134
1419334,muscari,Liriope,204,251
1397311,narcissiflora,Anemone,202,12905
1398513,patulum,Hypericum,200,11946
1385701,guianensis,Couroupita,199,199
1362516,insectifera,Ophrys,199,3652
1412661,racemosum,Maianthemum,198,786
1397403,peploides,Honckenya,194,194
1405641,gangetica,Asystasia,187,211
1359508,montanum,Trifolium,187,14622
1432786,arvensis,Calendula,187,5946
1364165,tinctorius,Carthamus,185,559
1359497,hybridum,Trifolium,185,14622
1358108,forsterianum,Sedum,184,13477
1412659,canadense,Maianthemum,183,786
1488171,anthonyanus,Selenicereus,181,197
1391649,cneorum,Daphne,180,2466
1391209,heterophyllum,Cirsium,179,12075
1394513,vernalis,Anemone,179,12905
1389921,hieraciifolius,Erechtites,179,187
1364000,indica,Duchesnea,175,309
1394453,hybridum,Pelargonium,175,6170
1389044,plumieri,Lactuca,175,6043
1360759,athamanticum,Meum,170,170
1391868,nigrum,Empetrum,169,172
1359519,resupinatum,Trifolium,168,14622
1361745,aquaticum,Myosoton,168,168
1393846,ciliata,Moehringia,163,329
1359486,aureum,Trifolium,163,14622
1355959,peltatum,Pelargonium,160,6170
1529265,nussbaumerianum,Sedum,160,13477
1419923,argyreia,Peperomia,159,2134
1419173,chinense,Loropetalum,159,159
1363613,hispanicum,Sedum,159,13477
1363750,officinalis,Melilotus,158,2830
1409216,obtusifolia,Peperomia,154,2134
1394759,ramosum,Anthericum,151,891
1414058,ohiensis,Tradescantia,147,7631
1408688,hispida,Acalypha,146,629
1396842,alpestre,Trifolium,145,14622
1398041,tridentata,Neotinea,145,540
1411524,coelestinum,Conoclinium,143,143
1389230,aizoon,Phedimus,141,362
1362434,angustifolius,Centranthus,139,5607
1412337,canadensis,Anemone,139,12905
1413002,nudicaulis,Aralia,137,316
1391529,hypocistis,Cytinus,135,217
1422105,zebrina,Tradescantia,135,7631
1397551,badium,Trifolium,135,14622
1411834,indica,Duchesnea,134,309
1358710,tetrapterum,Hypericum,133,11946
1397209,vulgaris,Viscaria,132,145
1356278,fragiferum,Trifolium,131,14622
1362582,refracta,Freesia,131,364
1400081,vernalis,Adonis,130,370
1488026,pachycladus,Pilosocereus,129,139
1418140,pseudotruncatella,Lithops,128,238
1376726,pellucida,Peperomia,128,2134
1400478,biserrata,Nephrolepis,127,1117
1405686,disticha,Breynia,127,131
1357652,radiata,Hyoseris,127,127
1412418,maculatum,Lamium,126,12379
1361891,vulgaris,Falcaria,125,125
1503981,palustre,Cirsium,124,12075
1389442,rupestre,Atocion,124,124
1394394,apennina,Anemone,123,12905
1395391,discolor,Holodiscus,120,120
1394164,passionis,Ophrys,120,3652
1361508,peruviana,Oncostema,120,122
1398480,alnifolia,Clethra,119,119
1362489,anglicum,Sedum,118,13477
1412699,virginica,Mertensia,117,188
1393933,ossifragum,Narthecium,117,117
1398567,rotundifolia,Smilax,116,1461
1358519,virginica,Acalypha,115,629
1529124,clavatum,Sedum,114,13477
1371691,erythrophylla,Mussaenda,114,269
1420496,philippica,Mussaenda,113,269
1360148,annua,Adonis,113,370
1361660,fusca,Ophrys,113,3652
1384499,siceraria,Lagenaria,112,120
1391193,erisithales,Cirsium,112,12075
1358699,hircinum,Hypericum,111,11946
1403967,hexagonus,Cereus,111,472
1396133,rigescens,Diascia,109,111
1438352,bona-nox,Smilax,108,1461
1409191,aurantiaca,Gynura,107,151
1397585,alba,Freesia,107,364
1363127,hybridum,Papaver,107,8599
1358701,humifusum,Hypericum,106,11946
1361672,tenthredinifera,Ophrys,104,3652
1363769,longifolia,Acacia,104,2063
1394082,bertolonii,Ophrys,104,3652
1396143,sarmentosum,Sedum,104,13477
1360835,calcitrapae,Centranthus,103,5607
1419115,hortorum,Pelargonium,103,6170
1396156,kamtschaticum,Sedum,103,13477
1363770,mearnsii,Acacia,103,2063
1393654,arboreus,Lupinus,103,3194
1361668,speculum,Ophrys,103,3652
1408037,cucullata,Alocasia,103,1020
1393418,viminea,Lactuca,102,6043
1391235,rivulare,Cirsium,101,12075
1363117,cerinthoides,Tradescantia,100,7631
1360618,erecta,Berula,98,98
1383149,equisetifolia,Casuarina,98,341
1406486,africana,Kigelia,97,97
1643491,ferreyrae,Peperomia,97,2134
1364161,arvensis,Calendula,96,5946
1364158,minuta,Tagetes,96,3523
1394405,pseudoorientale,Papaver,96,8599
1392689,andersonii,Hebe,95,727
1529242,makinoi,Sedum,95,13477
1643184,albovittata,Peperomia,95,2134
1392658,abyssinica,Guizotia,94,97
1408788,martinicensis,Trimezia,94,94
1396161,ochroleucum,Sedum,94,13477
1358112,hirsutum,Sedum,92,13477
1356003,tenellus,Phyllanthus,91,352
1360147,aestivalis,Adonis,90,370
1408869,repandus,Cereus,90,472
1418546,lineare,Sedum,90,13477
1402925,rotundifolia,Peperomia,88,2134
1389294,cordifolia,Nephrolepis,88,1117
1357506,monspessulanum,Cirsium,88,12075
1406863,indica,Acalypha,86,629
1643866,polybotrya,Peperomia,86,2134
1550692,×,Pelargonium,85,6170
1385700,asiatica,Barringtonia,85,87
1363491,canariensis,Phalaris,85,696
1398447,elata,Aralia,84,316
1356901,trinervia,Moehringia,84,329
1646149,andersonii,Hebe,84,727
1399231,orvala,Lamium,83,12379
1389553,melanoxylon,Acacia,82,2063
1391530,ruber,Cytinus,82,217
1356469,aspera,Achyranthes,81,81
1432783,virosa,Lactuca,80,6043
1419091,squamigera,Lycoris,79,151
1413391,coccinea,Pyracantha,79,3318
1357331,stellata,Calendula,79,5946
1516297,capensis,Othonna,79,79
1397556,refracta,Freesia,79,364
1358101,caeruleum,Sedum,79,13477
1395721,latifolia,Sagittaria,79,179
1358103,cepaea,Sedum,79,13477
1392096,nasturtiifolium,Erucastrum,78,330
1393789,altissimus,Melilotus,76,2830
1376366,sebifera,Triadica,75,75
1389630,abrotanoides,Perovskia,75,1672
1393980,candida,Nymphaea,74,1152
1529212,japonicum,Sedum,74,13477
1393850,muscosa,Moehringia,74,329
1393254,pulchrum,Hypericum,73,11946
1375966,amarus,Phyllanthus,72,352
1398274,leucophylla,Adenostyles,72,733
1419077,radiata,Lycoris,72,151
1393981,peltata,Nymphoides,72,87
1394498,rubra,Anemone,71,12905
1363700,luteus,Lupinus,70,3194
1392361,moschata,Fragaria,68,4540
1391110,aureum,Chaerophyllum,68,1176
1359518,purpureum,Trifolium,67,14622
1389492,tenuifolia,Tagetes,66,3523
1363703,albus,Lupinus,65,3194
1401735,urinaria,Phyllanthus,65,352
1397305,biennis,Alcea,65,4368
1358749,flexuosum,Lamium,65,12379
1393968,rotundifolia,Noccaea,65,105
1358132,rubens,Sedum,64,13477
1392653,fruticosus,Gomphocarpus,64,298
1412833,odorata,Nymphaea,64,1152
1390957,mitissimus,Carthamus,64,559
1394455,peltatum,Pelargonium,64,6170
1397491,atratum,Sedum,64,13477
1398469,virescens,Ophrys,63,3652
1618661,victoriae-reginae,Dendrobium,63,642
1358099,brevifolium,Sedum,63,13477
1408979,chiloensis,Fragaria,63,4540
1395722,sagittifolia,Sagittaria,63,179
1411760,lonicera,Diervilla,63,70
1396159,mexicanum,Sedum,63,13477
1402811,retusa,Crotalaria,63,204
1464459,clarinervium,Anthurium,63,2404
1391648,alpina,Daphne,63,2466
1397598,scandens,Cobaea,62,62
1393257,richeri,Hypericum,61,11946
1356076,zebrina,Tradescantia,60,7631
1408041,longiloba,Alocasia,60,1020
1408557,pinnata,Pongamia,60,60
1418191,spp,Lithops,59,238
1412889,claytoniana,Osmunda,57,385
1412697,maritima,Mertensia,56,188
1412662,stellatum,Maianthemum,56,786
1497434,somaliensis,Cyanotis,56,56
1412410,virginiana,Anemone,56,12905
1408490,grandifolia,Pereskia,55,151
1418984,albifrons,Lupinus,55,3194
1408874,nobilis,Bismarckia,55,55
1389567,saligna,Acacia,55,2063
1412946,nudicaule,Papaver,55,8599
1358760,multifida,Lavandula,55,5453
1400104,baileyana,Acacia,55,2063
1399920,atropurpurea,Angelica,53,2067
1414275,orthoceras,Barbarea,53,1420
1411832,intermedia,Dryopteris,52,1346
1397349,bulbosum,Chaerophyllum,51,1176
1664348,nobilis,Hepatica,50,50
1464088,zebrina,Alocasia,49,1020
1403826,bleo,Pereskia,48,151
1409195,aculeata,Pereskia,48,151
1408214,lanceolatum,Hypericum,48,11946
1370279,putterlickioides,Gymnosporia,48,48
1393823,tomentosa,Mercurialis,48,2002
1358706,perfoliatum,Hypericum,48,11946
1513142,alpina,Lactuca,48,6043
1420896,furfuracea,Zamia,48,70
1420787,odora,Alocasia,47,1020
1420792,odora,Daphne,47,2466
1434011,muscari,Liriope,47,251
1408738,macrobotrys,Strongylodon,47,47
1413757,ternatum,Sedum,47,13477
1392365,hybrida,Freesia,47,364
1398608,antarctica,Nothofagus,47,134
1389966,longisetus,Cenchrus,47,430
1420781,micholitziana,Alocasia,47,1020
1389308,dendroideum,Sedum,47,13477
1359530,tomentosum,Trifolium,47,14622
1391250,tuberosum,Cirsium,46,12075
1435260,spinosa,Aralia,46,316
1394383,illyricum,Pancratium,45,1080
1363772,pycnantha,Acacia,45,2063
1400471,prouacensis,Bocoa,44,44
1358704,montanum,Hypericum,43,11946
1409296,nouchali,Nymphaea,42,1152
1402924,quadrangularis,Peperomia,42,2134
1394995,rogersiana,Pyracantha,41,3318
1391805,carthusiana,Dryopteris,40,1346
1394143,lupercalis,Ophrys,40,3652
1390956,carduncellus,Carthamus,40,559
1375965,acidus,Phyllanthus,40,352
1514035,brownii,Leucophyta,40,40
1419086,elliptica,Garrya,40,40
1409746,floridana,Lactuca,40,6043
1408421,heterophylla,Acacia,40,2063
1359510,ochroleucon,Trifolium,39,14622
1412413,canadensis,Lactuca,39,6043
1643887,prostrata,Peperomia,39,2134
1392601,hybridus,Geropogon,39,39
1394313,limbosperma,Oreopteris,38,38
1356380,affinis,Dryopteris,38,1346
1393294,pulcherrimum,Dierama,38,38
1376703,alliacea,Petiveria,37,37
1398130,olympicum,Hypericum,37,11946
1398830,articulata,Tetraclinis,37,37
1363463,ciliaris,Cenchrus,36,430
1413013,racemosa,Aralia,36,316
1392093,gallicum,Erucastrum,36,330
1394396,baldensis,Anemone,35,12905
1406426,pallida,Crotalaria,35,204
1398355,araneola,Ophrys,35,3652
1419807,planifolia,Vanilla,35,86
1359495,hirtum,Trifolium,35,14622
1436922,glandulosa,Prosopis,34,64
1402423,hookeri,Anthurium,34,2404
1394508,trifolia,Anemone,34,12905
1391762,bellidiformis,Dorotheanthus,34,34
1391326,grandiflora,Collomia,34,34
1360427,corymbosa,Oldenlandia,33,33
1514627,divaricatum,Melampodium,33,51
1405061,madagascariensis,Cryptostegia,33,35
1416509,vieillardii,Nepenthes,33,64
1393965,caerulescens,Noccaea,32,105
1379513,annulatum,Hypericum,32,11946
1373530,aurantiaca,Gynura,32,151
1418665,adiantiformis,Rumohra,32,32
1363489,aquatica,Phalaris,32,696
1393537,douglasii,Limnanthes,32,49
1362435,lecoqii,Centranthus,31,5607
1359528,subterraneum,Trifolium,31,14622
1418655,erythrosora,Dryopteris,31,1346
1411687,purpurea,Dalea,31,31
1422712,grandiflorum,Pelargonium,31,6170
1393253,nummularium,Hypericum,31,11946
1529305,praealtum,Sedum,31,13477
1608027,dombeyi,Nothofagus,31,134
1362385,humifusum,Thesium,31,65
1391654,striata,Daphne,31,2466
1441410,texanum,Cirsium,30,12075
1384497,acutangula,Luffa,30,46
1394401,croceum,Papaver,30,8599
1394072,arachnitiformis,Ophrys,29,3652
1409642,albivenis,Fittonia,28,1084
1663381,tomentosa,Anemone,28,12905
1568914,saligna,Acacia,28,2063
1408401,abrupta,Nephrolepis,28,1117
1393945,lactea,Neotinea,28,540
1392690,brachysiphon,Hebe,28,727
1379556,philippica,Mussaenda,27,269
1357681,saligna,Lactuca,27,6043
1393245,elodes,Hypericum,27,11946
1421001,spp,Pelargonium,27,6170
1373151,alchemilloides,Pelargonium,27,6170
1394128,incubacea,Ophrys,27,3652
1397841,pratensis,Anemone,27,12905
1643553,graveolens,Peperomia,26,2134
1359332,micranthus,Lupinus,26,3194
1362080,lotus,Nymphaea,26,1152
1529205,hernandezii,Sedum,26,13477
1419598,pumilio,Nothofagus,26,134
1433158,hypericoides,Hypericum,26,11946
1363872,intermedia,Barbarea,26,1420
1399384,chamaecistus,Rhodothamnus,26,26
1441349,altissimum,Cirsium,25,12075
1391809,dilatata,Dryopteris,25,1346
1397379,nanum,Eritrichium,25,25
1398333,niruri,Phyllanthus,25,352
1411833,marginalis,Dryopteris,25,1346
1360808,garganica,Thapsia,25,511
1464075,reginula,Alocasia,24,1020
1488206,multicostatus,Stenocactus,24,24
1367267,polysperma,Crotalaria,24,204
1358096,amplexicaule,Sedum,24,13477
1397515,glauca,Trinia,24,24
1391190,dissectum,Cirsium,24,12075
1434712,glyptostroboides,Metasequoia,24,434
1401737,racemosa,Sagotia,24,24
1387107,linearifolia,Kniphofia,24,1528
1373231,quinquelobatum,Pelargonium,24,6170
1662426,ferruginea,Lomatia,24,24
1359060,mellifera,Acacia,24,2063
1420365,ananassa,Fragaria,23,4540
1421628,falcata,Nephrolepis,23,1117
1361524,canadensis,Elodea,23,23
1359065,tortilis,Acacia,23,2063
1392254,graciliflora,Fedia,23,38
1394378,hybrida,Anemone,23,12905
1360150,flammea,Adonis,23,370
1644223,verticillata,Peperomia,23,2134
1396823,andersoniana,Tradescantia,23,7631
1363739,nigrescens,Trifolium,23,14622
1397550,montanum,Sedum,22,13477
1409239,scherzerianum,Anthurium,22,2404
1396144,alpestre,Sedum,22,13477
1442865,elatus,Elephantopus,22,22
1404481,planifolia,Vanilla,22,86
1387687,planifolia,Vanilla,21,86
1365712,schimperi,Harpachne,21,21
1391962,muelleri,Epipactis,21,1614
1412313,prolificum,Hypericum,21,11946
1382099,mangium,Acacia,21,2063
1408507,emblica,Phyllanthus,21,352
1367938,drepanolobium,Acacia,21,2063
1359815,atlanticum,Papaver,21,8599
1359064,seyal,Acacia,21,2063
1391967,purpurata,Epipactis,21,1614
1486475,forbesii,Cereus,21,472
1393656,regalis,Lupinus,21,3194
1432824,lahue,Herbertia,21,21
1374448,mossambicensis,Aspilia,21,25
1643341,clusiifolia,Peperomia,21,2134
1358302,clypeata,Fibigia,21,21
1414272,sagittata,Balsamorhiza,21,21
1358097,andegavense,Sedum,20,13477
1391807,cristata,Dryopteris,20,1346
1363019,purpureus,Cenchrus,20,430
1391113,villarsii,Chaerophyllum,20,1176
1414808,manghas,Cerbera,20,20
1408468,asperum,Pelargonium,20,6170
1643819,pecuniifolia,Peperomia,19,2134
1698065,serpens,Cyphostemma,19,34
1409834,cadamba,Neolamarckia,19,19
1418732,arboreum,Oxydendrum,19,19
1409214,argyreia,Peperomia,19,2134
1427659,laburnifolia,Crotalaria,19,204
1486501,uruguayanus,Cereus,19,472
1363688,juncea,Crotalaria,19,204
1365961,odorata,Cedrela,19,21
1421107,macrorrhizos,Alocasia,18,1020
1434326,texensis,Lupinus,18,3194
1441375,horridulum,Cirsium,18,12075
1396754,alpinum,Thesium,18,65
1357682,tenerrima,Lactuca,18,6043
1413832,herbacea,Smilax,18,1461
1408451,foetida,Paederia,18,18
1389633,occidentalis,Ophrys,18,3652
1391960,leptochila,Epipactis,18,1614
1399063,setosa,Alcea,18,4368
1410147,pumila,Zamia,17,70
1374933,hibiscifolia,Montanoa,17,17
1362834,tuberaria,Diatelia,17,17
1419352,douglasii,Limnanthes,17,49
1412888,cinnamomea,Osmunda,16,385
1408284,nepetifolia,Leonitis,16,16
1418576,cordifolia,Eucryphia,16,16
1411520,peregrina,Comptonia,16,16
1408734,passerinoides,Stoebe,16,16
1412314,punctatum,Hypericum,16,11946
1414057,occidentalis,Tradescantia,16,7631
1418563,foetidissima,Cucurbita,16,2675
1419720,spp,Dendrobium,16,642
1404804,cylindrica,Luffa,16,46
1358691,canariense,Hypericum,16,11946
1394418,halleri,Anemone,16,12905
1361316,oryzoides,Leersia,16,18
1361655,maculata,Neotinea,15,540
1363735,alexandrinum,Trifolium,15,14622
1369472,integer,Gomphocarpus,15,298
1358755,canariensis,Lavandula,15,5453
1402356,indica,Nymphoides,15,87
1408502,borbonica,Antirhea,15,15
1449149,olivacea,Lithops,15,238
1444195,velutina,Hackelia,15,15
1358748,bifidum,Lamium,15,12379
1398196,erythrosora,Dryopteris,15,1346
1367921,xanthophloea,Acacia,15,2063
1409839,ampla,Nymphaea,15,1152
1411462,discolor,Cirsium,15,12075
1379303,officinale,Guaiacum,15,23
1395720,graminea,Sagittaria,15,179
1363492,minor,Phalaris,15,696
1411700,pusillus,Daucus,15,7227
1412412,biennis,Lactuca,15,6043
1412596,bicolor,Lupinus,15,3194
1420288,patens,Anemone,15,12905
1419942,franciscana,Hebe,15,727
1360838,cornucopiae,Fedia,15,38
1356037,densa,Egeria,15,15
1389031,koidzumii,Pyracantha,15,3318
1391961,microphylla,Epipactis,15,1614
1391197,ferox,Cirsium,15,12075
1360154,palmata,Anemone,15,12905
1408810,madagascariensis,Vangueria,15,15
1366899,juliflora,Prosopis,14,64
1388905,balearicum,Hypericum,14,11946
1464054,lauterbachiana,Alocasia,14,1020
1463177,asiaticum,Trachelospermum,14,1965
1394580,razulii,Angelica,14,2067
1361357,coerulescens,Phalaris,14,696
1438041,glaucophyllum,Sedum,14,13477
1567995,auriculiformis,Acacia,14,2063
1412831,mexicana,Nymphaea,14,1152
1391821,villarii,Dryopteris,14,1346
1391810,expansa,Dryopteris,14,1346
1394114,exaltata,Ophrys,14,3652
1394457,montana,Anemone,14,12905
1403654,baccifera,Urera,14,14
1355955,odoratissimum,Pelargonium,14,6170
1363970,minimus,Myosurus,14,14
1397613,virginiana,Fragaria,13,4540
1397208,alpina,Viscaria,13,145
1358711,tomentosum,Hypericum,13,11946
1409551,crumenatum,Dendrobium,13,642
1398700,fragrans,Dryopteris,13,1346
1356138,asiatica,Striga,13,13
1413835,tamnoides,Smilax,13,1461
1394714,palmata,Sasa,13,15
1394406,rhaeticum,Papaver,12,8599
1370993,quadrangulare,Conostomium,12,19
1449139,aucampiae,Lithops,12,238
1423469,boaria,Maytenus,12,18
1408227,auriculiformis,Acacia,12,2063
1417916,niponicum,Anisocampium,12,12
1437724,montevidensis,Sagittaria,12,179
1417117,closterium,Dendrobium,12,642
1428059,nummularia,Dischidia,12,17
1373535,procumbens,Gynura,12,151
1542499,macrostachya,Acalypha,12,629
1410025,grandiflorus,Selenicereus,12,197
1362064,caracasana,Wigandia,12,17
1441099,tainturieri,Chaerophyllum,11,1176
1408509,phillyreifolius,Phyllanthus,11,352
1617292,anosmum,Dendrobium,11,642
1396858,pallescens,Trifolium,11,14622
1453004,elatus,Cyrtanthus,11,11
1391498,aequitriloba,Cymbalaria,11,2721
1358703,linariifolium,Hypericum,11,11946
1414276,vulgaris,Barbarea,11,1420
1410168,aristata,Acalypha,11,629
1374466,pinnata,Schkuhria,11,14
1405703,incana,Crotalaria,11,204
1393322,xanthiifolia,Iva,10,23
1359489,cherleri,Trifolium,10,14622
1397959,lancifolia,Sagittaria,10,179
1550799,tomentosum,Pelargonium,10,6170
1363343,canariense,Aizoon,10,10
1361704,densa,Groenlandia,10,10
1361658,bombyliflora,Ophrys,10,3652
1419874,rosea,Lapageria,10,10
1399157,sericea,Daphne,10,2466
1359364,sulcatus,Melilotus,10,2830
1371680,frondosa,Mussaenda,10,269
1418102,marmorata,Lithops,10,238
1401711,nitida,Xylopia,10,24
1366875,americana,Aeschynomene,10,10
1381173,procumbens,Mecardonia,10,10
1358750,garganicum,Lamium,10,12379
1438354,glauca,Smilax,10,1461
1414397,macrocarpus,Calochortus,10,31
1391184,canum,Cirsium,10,12075
1357367,caeruleus,Carthamus,9,559
1412311,kalmianum,Hypericum,9,11946
1440273,elegans,Brodiaea,9,9
1420796,tangutica,Daphne,9,2466
1568056,brevispica,Acacia,9,2063
1408066,salicifolia,Faujasia,9,9
1529084,allantoides,Sedum,9,13477
1367431,perennis,Lupinus,9,3194
1550785,sidoides,Pelargonium,9,6170
1608034,nitida,Nothofagus,9,134
1418033,ciliata,Mertensia,9,188
1399804,pinnata,Lavandula,9,5453
1470435,bifurcata,Wodyetia,9,9
1529179,furfuraceum,Sedum,9,13477
1419197,frondosum,Hypericum,9,11946
1408034,pulchellum,Eranthemum,9,9
1413752,lanceolatum,Sedum,9,13477
1392418,orientalis,Galega,9,437
1356379,aemula,Dryopteris,9,1346
1390617,obliqua,Nothofagus,9,134
1420929,sanctum,Guaiacum,8,23
1420364,virginiana,Fragaria,8,4540
1711787,muralis,Cymbalaria,8,2721
1711775,spp,Lavandula,8,5453
1411829,cristata,Dryopteris,8,1346
1415911,spirorbis,Acacia,8,2063
1424005,divaricatum,Melampodium,8,51
1393967,montana,Noccaea,8,105
1393796,spicatus,Melilotus,8,2830
1413753,oreganum,Sedum,8,13477
1697960,cyphopetalum,Cyphostemma,8,34
1359514,patens,Trifolium,8,14622
1363464,echinatus,Cenchrus,8,430
1384500,sphaerica,Lagenaria,8,120
1359521,scabrum,Trifolium,8,14622
1389628,paniculata,Patzkea,8,8
1419112,crispum,Pelargonium,8,6170
1420653,floridanum,Illicium,8,16
1412595,argenteus,Lupinus,8,3194
1359526,striatum,Trifolium,8,14622
1411472,undulatum,Cirsium,8,12075
1385853,farinifera,Raphia,8,8
1400798,pompona,Vanilla,8,86
1362928,longispinus,Cenchrus,8,430
1400110,bellidioides,Bellium,8,8
1409705,verum,Illicium,8,16
1432545,mysorensis,Asystasia,8,211
1513780,potentillina,Leptinella,8,8
1401736,schomburgkiana,Pogonophora,8,8
1408092,ananassa,Fragaria,8,4540
1618570,thyrsiflorum,Dendrobium,8,642
1408953,nilotica,Acacia,8,2063
1402433,jenmanii,Anthurium,8,2404
1362024,triquetrifolium,Hypericum,8,11946
1568799,podalyriifolia,Acacia,8,2063
1464086,wentii,Alocasia,8,1020
1396867,spadiceum,Trifolium,8,14622
1358119,litoreum,Sedum,8,13477
1580985,nootkatensis,Lupinus,8,3194
1465149,veitchii,Anthurium,8,2404
1367998,angustissima,Acacia,8,2063
1367949,hockii,Acacia,8,2063
1488001,chrysostele,Pilosocereus,8,139
1396758,linophyllon,Thesium,8,65
1506976,minima,Erechtites,8,187
1409919,mimosoides,Phyllanthus,8,352
1363743,melanoxylon,Dalbergia,8,22
1397510,pyrenaicum,Thesium,8,65
1358690,australe,Hypericum,8,11946
1362192,villosum,Sedum,8,13477
1375776,crenata,Acalypha,8,629
1434594,leucanthum,Melampodium,8,51
1397408,mutilum,Hypericum,8,11946
1409550,chrysotoxum,Dendrobium,8,642
1358127,multiceps,Sedum,8,13477
1568102,caven,Acacia,8,2063
1438033,albomarginatum,Sedum,8,13477
1522375,lemmonii,Tagetes,8,3523
1697991,juttae,Cyphostemma,7,34
1418084,karasmontana,Lithops,7,238
1497630,×,Tradescantia,7,7631
1418061,fulviceps,Lithops,7,238
1355961,quercifolium,Pelargonium,7,6170
1568144,confluens,Acacia,7,2063
1391167,alsophilum,Cirsium,7,12075
1711751,alata,Nepenthes,7,64
1518683,chlorocephala,Rhodanthe,7,7
1418295,polylopha,Neobuxbaumia,7,7
1387727,africana,Ansellia,7,7
1608001,mirabilis,Nepenthes,7,64
1373259,glechomoides,Pelargonium,7,6170
1425433,farcta,Prosopis,7,64
1362398,etbaica,Acacia,7,2063
1422636,capense,Calodendrum,7,7
1363738,glomeratum,Trifolium,7,14622
1380904,coriacea,Boscia,7,19
1381468,americana,Browallia,7,9
1420931,spp,Nepenthes,7,64
1621823,pusilla,Erycina,7,7
1438043,laxum,Sedum,7,13477
1438616,pinnata,Stanleya,7,7
1356279,gangetica,Asystasia,7,211
1438868,lemmonii,Tagetes,7,3523
1420767,cuprea,Alocasia,7,1020
1442541,sessilifolia,Diervilla,7,70
1444216,crooksii,Haplophyton,7,7
1370991,kenyense,Conostomium,7,19
1608003,×,Nepenthes,7,64
1387284,anceps,Smilax,7,1461
1363493,paradoxa,Phalaris,7,696
1465016,salvinii,Anthurium,7,2404
1417900,lucida,Tagetes,7,3523
1399803,latifolia,Astydamia,7,7
1405088,decaphylla,Schefflera,7,2358
1393416,macrophylla,Lactuca,7,6043
1398615,annua,Iva,7,23
1401718,sericea,Xylopia,7,24
1359523,spumosum,Trifolium,7,14622
1408107,borbonicum,Geniostoma,7,7
1412992,hispida,Aralia,7,316
1409328,tortuosa,Acacia,7,2063
1394183,saratoi,Ophrys,7,3652
1408657,actinophylla,Schefflera,7,2358
1360152,microcarpa,Adonis,7,370
1398805,conica,Neotinea,7,540
1408718,integrifolia,Acalypha,7,629
1392730,muscivorus,Helicodiceros,7,7
1359502,lappaceum,Trifolium,7,14622
1412834,tetragona,Nymphaea,7,1152
1400080,pyrenaica,Adonis,7,370
1403479,flexuosa,Mauritia,7,7
1402303,gomma,Guarea,7,7
1393248,inodorum,Hypericum,6,11946
1560405,canariensis,Lavandula,6,5453
1412698,paniculata,Mertensia,6,188
1393242,coris,Hypericum,6,11946
1385749,charmian,Asystasia,6,211
1409299,moluccana,Falcataria,6,6
1412344,frutescens,Iva,6,23
1397269,vitifolia,Anemone,6,12905
1419713,aphyllum,Dendrobium,6,642
1494482,ilicifolia,Maytenus,6,18
1421523,koaia,Acacia,6,2063
1380874,mossambicensis,Boscia,6,19
1465026,schlechtendalii,Anthurium,6,2404
1408727,verticillata,Stemodia,6,6
1411466,foliosum,Cirsium,6,12075
1455408,aeruginosa,Guatteria,6,23
1394077,aveyronensis,Ophrys,6,3652
1430280,heptaphylla,Schefflera,6,2358
1412740,diphylla,Mitella,6,6
1394088,catalaunica,Ophrys,6,3652
1411469,muticum,Cirsium,6,12075
1576296,retusa,Dalbergia,6,22
1409552,moschatum,Dendrobium,6,642
1608023,betuloides,Nothofagus,6,134
1398494,pallasii,Corispermum,6,6
1434584,pumilus,Mazus,6,9
1409521,brevidens,Crotalaria,6,204
1358193,angustifolia,Boscia,6,19
1419595,alpina,Nothofagus,6,134
1435225,californica,Aralia,6,316
1367781,latifolia,Dalbergia,5,22
1401211,cayennensis,Vismia,5,9
1464567,faustomirandae,Anthurium,5,2404
1408508,niruroides,Phyllanthus,5,352
1644145,tetragona,Peperomia,5,2134
1465170,warocqueanum,Anthurium,5,2404
1400844,anteridifera,Guatteria,5,23
1400096,rupicola,Barbarea,5,1420
1393851,pentandra,Moehringia,5,329
1438052,obtusatum,Sedum,5,13477
1356309,nouchali,Nymphaea,5,1152
1460343,ovata,Dischidia,5,17
1399338,bonarota,Paederota,5,5
1379585,urens,Wigandia,5,17
1447962,punctatum,Aextoxicon,5,5
1713199,costaricensis,Bourreria,5,9
1391221,morisianum,Cirsium,5,12075
1394189,sulcata,Ophrys,5,3652
1375797,hispida,Acalypha,5,629
1358365,angolensis,Maerua,5,9
1360004,tataricum,Goniolimon,5,5
1359806,fumariifolia,Hunnemannia,5,5
1405252,scabra,Aphelandra,5,238
1417546,spp,Schefflera,5,2358
1409283,furfuracea,Zamia,5,70
1366997,spectabilis,Crotalaria,5,204
1367369,verrucosa,Crotalaria,5,204
1394078,aymoninii,Ophrys,5,3652
1367060,chrysochlora,Crotalaria,5,204
1398526,nootkatensis,Lupinus,5,3194
1411423,latifolium,Chamerion,5,5
1384482,ficifolia,Cucurbita,5,2675
1412368,multifida,Anemone,5,12905
1359821,rupifragum,Papaver,5,8599
1618100,munificum,Dendrobium,5,642
1408071,buxifolia,Fernelia,5,5
1389016,longiflorum,Macrosyringion,5,5
1440416,gunnisonii,Calochortus,5,31
1394169,provincialis,Ophrys,4,3652
1440423,leichtlinii,Calochortus,4,31
1440446,tolmiei,Calochortus,4,31
1438056,pulchellum,Sedum,4,13477
1409525,pumila,Crotalaria,4,204
1442833,berlandieri,Acacia,4,2063
1417506,verticillatum,Dracophyllum,4,4
1442930,cucullata,Alocasia,4,1020
1406756,citriodora,Guatteria,4,23
1689963,excelsa,Smilax,4,1461
1682159,granulosa,Angostura,4,4
1358102,caespitosum,Sedum,4,13477
1401141,densifolia,Caraipa,4,6
1401242,wallichiana,Dryopteris,4,1346
1401701,frutescens,Xylopia,4,24
1584568,pallida,Prosopis,4,64
1358608,reticulatus,Phyllanthus,4,352
1405653,cistoides,Piriqueta,4,4
1529148,decumbens,Sedum,4,13477
1444049,redolens,Acacia,4,2063
1529144,cyaneum,Sedum,4,13477
1358695,empetrifolium,Hypericum,4,11946
1409918,epiphyllanthus,Phyllanthus,4,352
1367343,uguenensis,Crotalaria,4,204
1408160,mascarenensis,Hernandia,4,8
1488285,geometricus,Tephrocactus,4,4
1367784,africana,Cordyla,4,4
1408812,lanceolata,Vepris,4,4
1408845,pentandra,Zaleya,4,4
1367087,deflersii,Crotalaria,4,204
1440425,luteus,Calochortus,4,31
1356055,lutea,Ibicella,4,4
1434258,formosus,Lupinus,4,3194
1359506,micranthum,Trifolium,4,14622
1421026,sinclairiana,Aphelandra,4,238
1383772,abyssinica,Aristea,4,7
1359513,pannonicum,Trifolium,4,14622
1361233,decumbens,Danthonia,4,4
1424377,vitis-idaea,Breynia,4,131
1419612,distichum,Abeliophyllum,4,4
1431925,triphylla,Maerua,4,9
1433176,tetrapetalum,Hypericum,4,11946
1389078,hispanicum,Aizoanthemum,4,4
1360687,muricatus,Daucus,4,7227
1434232,chamissonis,Lupinus,4,3194
1391964,phyllanthes,Epipactis,4,1614
1375954,suffrutescens,Phyllanthus,4,352
1421386,confusa,Acacia,4,2063
1418475,subaspera,Tradescantia,4,7631
1418345,occidentalis,Calycanthus,4,292
1410024,anthonyanus,Selenicereus,4,197
1374450,pluriseta,Aspilia,4,25
1391198,filipendulum,Cirsium,4,12075
1399667,lunulata,Ophrys,3,3652
1711753,truncata,Nepenthes,3,64
1364512,kunthii,Microchloa,3,3
1420544,acidissima,Limonia,3,3
1412445,lucida,Angelica,3,2067
1366898,alba,Prosopis,3,64
1407379,crystallinum,Anthurium,3,2404
1384760,riparia,Asystasia,3,211
1712003,dolichopoda,Guatteria,3,23
1384199,dregei,Erianthemum,3,3
1397407,hyssopifolium,Hypericum,3,11946
1383774,ecklonii,Aristea,3,7
1421011,maritimum,Pancratium,3,1080
1712019,costaricensis,Stenanona,3,3
1712365,morototoni,Schefflera,3,2358
1491513,perennis,Pterocephalus,3,3
1717570,edulis,Alibertia,3,3
1364440,hispidus,Arthraxon,3,3
1643349,columella,Peperomia,3,2134
1359524,squamosum,Trifolium,3,14622
1412745,lateriflora,Moehringia,3,329
1418653,cycadina,Dryopteris,3,1346
1360591,oleoides,Daphne,3,2466
1643690,maculosa,Peperomia,3,2134
1401883,undulata,Bonafousia,3,3
1363359,palustris,Zannichellia,3,3
1389426,chinensis,Liriodendron,3,2104
1392691,ochracea,Hebe,3,727
1408386,arcuata,Mussaenda,3,269
1364112,abyssinica,Guizotia,3,97
1414746,phaseoloides,Entada,3,6
1568134,cognata,Acacia,3,2063
1398125,pseudoscolopax,Ophrys,3,3652
1404002,crinita,Xylopia,3,24
1404745,rubricaulis,Aciotis,3,3
1550658,echinatum,Pelargonium,3,6170
1413751,divergens,Sedum,3,13477
1538569,rubrum,Empetrum,3,172
1407077,punctata,Guatteria,3,23
1425899,farnesiana,Acacia,3,2063
1409586,gigas,Entada,3,6
1372602,racemosus,Pilocarpus,3,3
1359505,michelianum,Trifolium,3,14622
1356847,rubra,Spergularia,3,3
1359359,italicus,Melilotus,3,2830
1427821,sissoo,Dalbergia,3,22
1394502,stellatus,Phedimus,3,362
1435228,capitata,Nyctaginia,3,3
1424003,pumilus,Mazus,3,9
1440476,hartwegii,Calylophus,3,3
1423286,pinnata,Schkuhria,3,14
1394153,morisii,Ophrys,3,3652
1422721,revolutum,Hypericum,3,11946
1435709,panduriforme,Pelargonium,3,6170
1408594,podalyriifolia,Acacia,3,2063
1396145,annuum,Sedum,3,13477
1418545,kamtschaticum,Sedum,2,13477
1363701,pilosus,Lupinus,2,3194
1439145,crassifolia,Tradescantia,2,7631
1713198,andrieuxii,Bourreria,2,9
1401216,macrophylla,Vismia,2,9
1401222,sessilifolia,Vismia,2,9
1439703,bicolor,Xylococcus,2,2
1391499,hepaticifolia,Cymbalaria,2,2721
1409824,pubescens,Mussaenda,2,269
1434320,subcarnosus,Lupinus,2,3194
1638998,fungosa,Adlumia,2,2
1440412,eurycarpus,Calochortus,2,31
1434267,hirsutissimus,Lupinus,2,3194
1416420,platyxylon,Atractocarpus,2,2
1434249,diffusus,Lupinus,2,3194
1418659,sieboldii,Dryopteris,2,1346
1617904,kingianum,Dendrobium,2,642
1401148,punctulata,Caraipa,2,6
1434383,floribundus,Lyonothamnus,2,2
1409407,succulenta,Bourreria,2,9
1711873,aurantiaca,Aphelandra,2,238
1438045,moranense,Sedum,2,13477
1400060,pravissima,Acacia,2,2063
1438049,niveum,Sedum,2,13477
1415593,campanulata,Dubouzetia,2,4
1363016,clandestinus,Cenchrus,2,430
1415584,confusa,Dubouzetia,2,4
1414924,simplex,Acacia,2,2063
1694631,villosa,Coussapoa,2,2
1414903,cordigera,Hernandia,2,8
1391206,glabrum,Cirsium,2,12075
1675513,haematocarpa,Margaritopsis,2,2
1409932,royeni,Pilosocereus,2,139
1399141,aromaticum,Chaerophyllum,2,1176
1440440,splendens,Calochortus,2,31
1663341,pavoniana,Anemone,2,12905
1438358,laurifolia,Smilax,2,1461
1418192,hildmannianus,Cereus,2,472
1411925,gigantea,Epipactis,2,1614
1600531,fissilis,Cedrela,2,21
1608440,rubra,Nymphaea,2,1152
1407874,grandiflora,Cryptostegia,2,35
1394648,austriacum,Pleurospermum,2,2
1529128,compressum,Sedum,2,13477
1396134,vigilis,Diascia,2,111
1420700,speciosa,Browallia,2,9
1436923,pubescens,Prosopis,2,64
1361507,elongata,Oncostema,2,122
1522377,lunulata,Tagetes,2,3523
1407873,elatus,Cryptopus,2,2
1412444,virginica,Leersia,2,18
1355920,capitatum,Pelargonium,2,6170
1423932,nymphaeifolia,Hernandia,2,8
1423633,perfoliatum,Melampodium,2,51
1411827,carthusiana,Dryopteris,2,1346
1393465,intermedia,Lavandula,2,5453
1393818,ambigua,Mercurialis,2,2002
1396869,thalii,Trifolium,2,14622
1358759,minutolii,Lavandula,2,5453
1486655,elephantidens,Coryphantha,2,2
1360976,canariense,Pancratium,2,1080
1464023,baginda,Alocasia,2,1020
1402464,scandens,Anthurium,2,2404
1444156,rigidula,Acacia,2,2063
1433496,cordifolia,Keckiella,2,2
1402576,polyphyllum,Dracontium,2,2
1388911,druentica,Ophrys,2,3652
1375895,fischeri,Phyllanthus,2,352
1431222,acutangula,Barringtonia,2,87
1403272,fruticosa,Declieuxia,2,2
1419864,arborescens,Heteromorpha,2,2
1430515,china,Smilax,2,1461
1430287,balansae,Schinopsis,2,2
1427043,cumingiana,Freycinetia,2,2
1419924,dolabriformis,Peperomia,2,2134
1404776,amplifolia,Guatteria,2,23
1412663,trifolium,Maianthemum,2,786
1419949,barclayana,Maurandya,2,2
1420092,palmata,Sasa,2,15
1359331,cosentinii,Lupinus,2,3194
1535203,rubra,Uncinia,2,2
1394549,heterocarpa,Angelica,2,2067
1718287,senegalensis,Acacia,2,2063
